global_alert_level,current_campaigns_count,anomaly_index_global,incident_rate_7d,patch_delay_days_p50,exposure_level,maintenance_window,compliance_debt_score,business_critical_period,global_alert_level_idx,exposure_level_idx,label
high,0,0.4388784397520523,154,25,high,1,0.6973680290593639,0,3,2,2
high,0,0.9756223516367559,147,45,low,1,0.12811363267554587,1,3,0,2
low,4,0.37079802423258124,90,10,medium,1,0.6438651200806645,0,1,1,1
medium,4,0.44341419882733113,90,13,low,0,0.06381725610417532,1,2,0,2
high,4,0.6316643991220648,165,9,high,1,0.35452596812986836,0,3,2,2
medium,4,0.8931211213221977,135,46,high,1,0.4667210037270342,0,2,2,2
medium,2,0.15428949206754783,8,44,low,1,0.7447621559078171,0,2,0,1
high,4,0.32582535813815194,181,22,medium,0,0.1894713590842857,0,3,1,2
critical,2,0.47570492622593374,25,19,medium,0,0.6698139946825103,1,4,1,2
low,2,0.8326781960578374,125,42,low,0,0.8322598013952011,0,1,0,2
medium,2,0.38747837903017446,160,53,medium,0,0.6824955039749755,1,2,1,2
high,0,0.19990820247510832,160,0,medium,1,0.6648508565920321,1,3,1,2
critical,2,0.7807290310219679,141,33,medium,0,0.5687411959528937,0,4,1,2
critical,0,0.11453007353597344,87,40,high,1,0.5652361064811888,0,4,2,2
medium,0,0.6347183200005908,152,33,high,1,0.5592071607454135,1,2,2,2
medium,1,0.030817834567939406,69,26,medium,1,0.40852864372463615,0,2,1,1
low,4,0.23393948586534075,170,49,medium,0,0.28138389202199654,1,1,1,2
medium,1,0.6619165147268951,25,33,medium,1,0.6643135403273875,1,2,1,2
low,2,0.8140203846660347,81,19,medium,0,0.022712073133860478,0,1,1,2
medium,0,0.7223593505964503,139,27,high,1,0.5010447751033635,0,2,2,2
medium,4,0.696320375077736,30,29,medium,0,0.3810212260964825,0,2,1,2
low,1,0.6302825931188885,121,21,low,1,0.11800590212051532,0,1,0,1
medium,1,0.908580690707607,192,29,low,1,0.2658699614595196,1,2,0,2
medium,4,0.7787509039657946,52,43,medium,1,0.272241561845159,0,2,1,2
low,0,0.9026023965438417,19,7,medium,0,0.20236336479523032,1,1,1,1
low,1,0.579219568941896,109,10,medium,0,0.7585195298352101,1,1,1,2
low,2,0.4320930397751037,143,18,high,1,0.5840979689127356,0,1,2,2
low,3,0.08444432113988909,151,24,low,1,0.49399081924451893,0,1,0,1
medium,0,0.1445241888660469,65,40,medium,0,0.587644572177712,1,2,1,2
critical,0,0.9251201183767972,197,34,medium,0,0.5909154914814168,0,4,1,2
medium,1,0.9585592132414453,4,25,low,0,0.7827352272502862,0,2,0,2
low,0,0.48665833083816035,134,29,high,0,0.5717280523760754,1,1,2,2
high,2,0.2669756630918936,94,57,medium,0,0.5206724024715378,1,3,1,2
low,2,0.021612079880330426,72,49,medium,0,0.14024908899861077,1,1,1,1
medium,1,0.10857574113544355,110,39,medium,1,0.2812337838390083,0,2,1,2
high,3,0.7269946142868826,187,46,medium,0,0.9160118451376079,0,3,1,2
medium,4,0.03741255617617978,46,8,low,1,0.37092228386243875,0,2,0,1
medium,4,0.8082514720643018,192,19,medium,0,0.2909178381401186,1,2,1,2
high,3,0.25596509056760275,103,59,high,1,0.16460781758201815,1,3,2,2
medium,0,0.43509706000303794,193,59,medium,0,0.7486080194569492,1,2,1,2
high,4,0.8934466396978632,178,6,high,1,0.315929051830793,0,3,2,2
low,3,0.6616612631677611,82,22,high,1,0.746789611349026,0,1,2,2
critical,1,0.9368131505337792,52,56,high,0,0.12275793241148603,0,4,2,2
medium,4,0.15328431662449404,149,10,medium,0,0.8745620408374645,1,2,1,2
low,0,0.31032367290009477,39,59,high,1,0.9718264260609674,0,1,2,2
medium,2,0.14389750255125078,186,0,medium,0,0.13182221778652103,0,2,1,2
low,0,0.12183250462853112,135,17,high,1,0.6942624356428865,1,1,2,2
low,2,0.19977565166005762,172,48,medium,0,0.7389840039155418,1,1,1,2
low,4,0.12375380365034461,26,34,high,1,0.39757819382494064,1,1,2,1
low,1,0.4885840453515333,101,39,medium,0,0.286446226882055,1,1,1,2
low,4,0.024859491386256316,184,35,low,1,0.6339751116810851,1,1,0,1
low,0,0.14033959706391264,149,25,medium,0,0.5960425532343728,1,1,1,2
none,0,0.8043609156129707,186,25,high,0,0.7847634492521874,1,0,2,2
high,0,0.10914399676573494,57,49,medium,0,0.2326407419664337,1,3,1,2
medium,1,0.6060158207000109,106,55,medium,1,0.6031071573387257,0,2,1,2
medium,2,0.3741840434071827,185,25,medium,0,0.8674906317523249,1,2,1,2
low,1,0.24783956295135812,90,16,medium,0,0.7460142802434464,1,1,1,1
medium,4,0.10527807985412496,176,3,high,0,0.14617324419269828,1,2,2,2
none,0,0.31033467392407443,164,55,medium,0,0.9209704724874502,1,0,1,2
low,0,0.28472008233793555,115,9,medium,0,0.021148016336440034,0,1,1,1
low,3,0.1746414709358527,11,49,high,0,0.5911438161109712,1,1,2,2
high,3,0.39363045683202824,165,19,medium,1,0.8750049422346086,1,3,1,2
high,3,0.04347506201279194,170,29,medium,0,0.23674487110439602,0,3,1,2
low,1,0.5712326517427727,189,24,medium,0,0.3736141384595716,0,1,1,2
low,4,0.10167190290371597,104,5,medium,1,0.051961866465104256,0,1,1,1
low,4,0.0991131415798755,167,50,low,1,0.9795706805865927,1,1,0,2
high,1,0.7794775407713289,160,37,low,1,0.778996354578129,1,3,0,2
low,0,0.5360680359476373,64,30,low,1,0.46279936559351587,1,1,0,1
medium,3,0.6395632712371101,77,14,medium,0,0.13976841095395687,0,2,1,2
high,2,0.416889368594885,120,13,medium,0,0.3663924498262474,0,3,1,2
medium,3,0.37946407972692897,65,10,medium,1,0.2968764745712853,1,2,1,2
medium,4,0.9163480195381779,170,28,medium,1,0.5354347898300031,0,2,1,2
critical,4,0.652587340560102,169,12,low,1,0.5327222760657402,1,4,0,2
medium,3,0.2881556141824617,35,44,high,0,0.6947981288184982,0,2,2,2
medium,2,0.13210283730154393,172,57,low,1,0.0950957482299346,1,2,0,2
high,3,0.08449321882352023,104,56,high,1,0.9588802459090804,0,3,2,2
low,0,0.5936820044663541,160,26,medium,1,0.7951148389830859,1,1,1,2
medium,4,0.2533833538391872,144,35,low,0,0.6161657000241213,0,2,0,2
critical,0,0.5649506114724419,34,0,low,1,0.46598515298122734,1,4,0,2
medium,2,0.7639233900065879,184,47,medium,1,0.5995934415226123,0,2,1,2
high,0,0.11973358850112281,186,47,medium,0,0.08770901191076841,0,3,1,2
critical,3,0.4186083007903795,184,46,high,0,0.33363775832823817,1,4,2,2
medium,3,0.7625321470706523,179,38,high,0,0.364192017772054,1,2,2,2
low,1,0.15761164862499966,192,8,medium,0,0.43790403719875326,1,1,1,2
medium,3,0.7296857086773779,76,10,low,1,0.9361399868384622,0,2,0,2
high,3,0.47936956412454035,27,22,low,1,0.7177602360036435,1,3,0,2
medium,4,0.11847857721704136,190,16,low,1,0.6370738839912076,0,2,0,2
medium,0,0.5882579999692207,6,41,high,1,0.45431796184174655,0,2,2,2
medium,3,0.29535902534408986,165,58,medium,0,0.4423141270678932,0,2,1,2
medium,1,0.9184418955155542,147,46,high,1,0.9970346578375731,0,2,2,2
low,0,0.28390843786403896,175,46,medium,1,0.10641953187138287,1,1,1,2
low,4,0.6656847361065369,27,39,medium,1,0.8970333988966253,0,1,1,1
low,4,0.24082805804114704,5,27,medium,0,0.7767679406922186,1,1,1,1
high,0,0.9106382271308853,57,39,medium,1,0.0054298341287004614,0,3,1,2
high,0,0.6059251776477277,10,58,low,1,0.23855282062738847,0,3,0,2
high,4,0.057231940153260386,133,48,low,1,0.7721083991043806,1,3,0,2
medium,4,0.8379802186553831,139,26,medium,0,0.20178211071905539,0,2,1,2
medium,0,0.5045309901929865,107,44,medium,1,0.851131099761935,1,2,1,2
low,2,0.7346210919351616,31,3,high,0,0.27075875131780025,0,1,2,2
high,3,0.9802047848986818,149,36,high,1,0.6163089699275328,0,3,2,2
low,0,0.8841457113668172,8,27,medium,1,0.17312784642250323,0,1,1,1
medium,0,0.18353322888031898,75,58,high,1,0.784080948341408,0,2,2,2
high,1,0.5724131499586373,127,26,medium,0,0.9460244535580951,1,3,1,2
medium,1,0.5780172158075422,107,41,medium,0,0.9405944096955184,1,2,1,2
low,0,0.5083527384469421,29,41,medium,0,0.4741687294826181,0,1,1,1
medium,0,0.13409460987276534,189,16,low,0,0.42790321368135,0,2,0,2
high,3,0.634629117418263,122,58,low,0,0.4087831094286971,1,3,0,2
low,1,0.5883062484090082,120,19,medium,1,0.4184000441568604,0,1,1,2
medium,2,0.22559286820421098,94,5,medium,1,0.5657719004319209,1,2,1,2
low,3,0.64794848220121,117,39,medium,1,0.7874322219859539,0,1,1,2
low,1,0.4314181951798901,109,31,low,1,0.3606573344502543,1,1,0,1
low,2,0.7367056884822203,111,53,low,0,0.5036329251830992,1,1,0,2
medium,3,0.7998704107638365,104,14,low,0,0.8373823623450686,0,2,0,2
high,2,0.11585672433526839,11,4,low,1,0.0555679169068779,1,3,0,1
low,0,0.3341300405015458,56,29,medium,0,0.31389336980198923,0,1,1,1
medium,3,0.014682843560070769,87,49,low,1,0.3722615731915482,1,2,0,2
high,3,0.6008404079450809,30,40,medium,0,0.3649193610782525,1,3,1,2
medium,4,0.9954644725836371,89,46,medium,0,0.6876650491660925,0,2,1,2
low,0,0.38784169516364975,141,55,medium,1,0.010727644975676243,1,1,1,2
high,1,0.5250883029672612,93,9,high,1,0.8363042905502379,0,3,2,2
medium,4,0.5559694280284484,197,12,medium,1,0.9903216643262726,1,2,1,2
low,0,0.4482456132543511,168,23,medium,0,0.7553301727947445,0,1,1,2
medium,0,0.4693269341904013,86,55,medium,0,0.18092665223086812,0,2,1,2
medium,4,0.04464908897427888,126,13,low,0,0.4901975424015864,0,2,0,1
medium,4,0.4932899758506666,117,0,high,0,0.24366745405571355,1,2,2,2
medium,4,0.6375887004784591,111,38,medium,0,0.7629030190395291,1,2,1,2
low,3,0.3666083849326124,11,44,high,1,0.338456483297326,1,1,2,2
critical,4,0.48257250858729395,106,46,medium,1,0.5047914829034981,1,4,1,2
medium,2,0.5871239405369806,181,7,medium,1,0.3405907955915243,1,2,1,2
medium,2,0.5314110410045777,103,6,low,0,0.9173376725516761,0,2,0,2
high,3,0.17750658243696749,126,0,medium,0,0.19160300966269983,0,3,1,2
high,0,0.9274604585040267,138,26,medium,0,0.5984771915577366,0,3,1,2
high,2,0.27802210660081383,1,10,low,1,0.633769773069263,1,3,0,2
medium,4,0.620357709658044,175,28,low,1,0.9033278719640531,1,2,0,2
low,2,0.9632112235493796,144,37,medium,1,0.8668014382619265,0,1,1,2
low,0,0.7324135029937877,161,26,low,1,0.6541024094823568,1,1,0,2
medium,2,0.9845780814316246,193,9,medium,0,0.7337534974379162,1,2,1,2
low,3,0.3464928613130488,0,7,low,0,0.7773431275291786,0,1,0,0
low,4,0.9855401694949262,97,51,medium,0,0.9779169790738402,0,1,1,2
medium,2,0.7936821505599726,129,5,low,0,0.8020597869857242,1,2,0,2
low,1,0.8225830906174316,184,14,high,0,0.3727023413067342,1,1,2,2
none,0,0.109282291114558,186,40,medium,1,0.7737206827516263,1,0,1,1
medium,0,0.7394314684765099,173,23,low,1,0.048963709823279244,1,2,0,2
medium,1,0.6218977733752458,46,51,low,0,0.5146293421163498,0,2,0,2
low,1,0.029607289128613212,135,45,medium,0,0.8956348813836968,1,1,1,2
high,3,0.2376583633605973,83,51,low,1,0.8533446711440594,0,3,0,2
medium,4,0.590320250883149,59,26,medium,0,0.274825050755067,1,2,1,2
medium,4,0.18759368193949133,135,5,low,1,0.7176391476415676,0,2,0,1
medium,2,0.9987433700667648,161,38,medium,0,0.4079419511312822,1,2,1,2
low,0,0.5748719296230336,37,59,low,1,0.5952128404133717,1,1,0,1
low,0,0.9152987602855548,78,13,medium,0,0.1343669133130615,0,1,1,2
medium,1,0.0671666688477669,70,12,medium,1,0.4532799165001634,0,2,1,1
low,4,0.34329246237890776,126,26,medium,0,0.9592092728445759,1,1,1,2
high,3,0.5408566369449512,196,17,high,0,0.23509711688065948,1,3,2,2
medium,2,0.9090648144229485,65,18,low,1,0.7423179494179767,0,2,0,2
medium,2,0.6534392090094951,5,17,high,1,0.32249234716866526,0,2,2,2
medium,0,0.8743143652908074,31,0,medium,0,0.5614893944143846,0,2,1,2
medium,3,0.7838241093757136,126,26,high,1,0.9947017489350248,0,2,2,2
medium,2,0.8146384431178827,134,40,medium,1,0.7875898362293392,0,2,1,2
low,0,0.5621707337375722,63,6,medium,0,0.955349428187811,1,1,1,2
low,3,0.4329724928677672,102,8,high,0,0.9597745223292203,1,1,2,2
none,0,0.041079093304846936,10,14,low,1,0.45511784241176234,0,0,0,0
medium,1,0.3125699490285839,103,2,low,0,0.1116003682492267,1,2,0,2
critical,1,0.06052845082653613,179,41,low,0,0.3020715687836385,0,4,0,2
high,2,0.4166096330691479,78,9,high,0,0.11207037099869754,0,3,2,2
none,4,0.001233062511908134,22,30,low,0,0.3330941610106378,0,0,0,0
low,2,0.7805811375265843,86,28,medium,1,0.26034854341525004,0,1,1,2
high,1,0.24248285302833272,182,28,medium,1,0.22825287546342055,1,3,1,2
high,3,0.9303846175891505,66,28,medium,0,0.4607696052395662,1,3,1,2
none,3,0.15045401155747407,120,2,medium,0,0.9188231935306829,0,0,1,1
critical,0,0.18832197481135182,1,48,high,0,0.11062946756220327,1,4,2,2
medium,3,0.24163890873908578,17,34,medium,0,0.849435333089779,1,2,1,2
medium,2,0.8533694593423667,0,31,medium,1,0.1627434861049576,1,2,1,2
low,3,0.8554915417905857,58,15,medium,0,0.4544574302986578,1,1,1,2
medium,4,0.9846495336176436,120,4,medium,0,0.8131593458201128,0,2,1,2
low,1,0.799213522241491,22,36,low,0,0.4140260937892364,0,1,0,1
low,3,0.07810839308036388,63,51,low,0,0.3464786554071809,0,1,0,1
low,0,0.16548775758177503,131,43,medium,1,0.7385803864573827,1,1,1,2
medium,4,0.8900194571176955,63,8,medium,1,0.12602634174662652,1,2,1,2
medium,0,0.6930954269297015,12,10,medium,1,0.9917744759287107,1,2,1,2
medium,1,0.016579801897556923,0,33,medium,1,0.5846388341341655,0,2,1,1
low,0,0.8973021997540936,18,52,medium,0,0.6217920298607565,1,1,1,2
low,0,0.05051969637200515,54,26,high,1,0.294755193202763,0,1,2,1
medium,3,0.8362451768426012,37,1,low,0,0.23128053968685225,1,2,0,2
low,4,0.2536645065618285,174,37,high,1,0.5535408400896115,1,1,2,2
high,1,0.6776207635997941,106,43,low,1,0.7584222371847541,1,3,0,2
high,3,0.4192723879008051,196,55,high,1,0.012469877941213237,0,3,2,2
high,3,0.5202300670459938,85,24,medium,1,0.8896564216753973,0,3,1,2
medium,3,0.6825815982092204,79,28,medium,0,0.9615496295410325,0,2,1,2
critical,0,0.19954199289949037,183,51,low,1,0.2121474075233014,1,4,0,2
high,1,0.7334949045628298,93,38,low,1,0.3790526950373052,0,3,0,2
low,2,0.7417164105197349,130,43,medium,1,0.5699338186415264,1,1,1,2
low,2,0.90397329087804,20,41,medium,1,0.798097435818333,1,1,1,2
high,0,0.2043973670814292,86,44,low,0,0.9792246337072796,0,3,0,2
high,4,0.7193125336908236,75,55,medium,1,0.39462988815008226,1,3,1,2
medium,1,0.6087411288982467,114,34,medium,0,0.6017747558677085,0,2,1,2
medium,2,0.4676402566265965,187,4,high,0,0.3772059828830039,0,2,2,2
high,1,0.13110869302621986,66,9,low,0,0.3394777542089027,1,3,0,2
medium,0,0.24359674535860742,190,11,medium,0,0.7535045630002579,1,2,1,2
medium,4,0.27811335687148786,95,12,high,1,0.5220123013665123,0,2,2,2
none,0,0.2594398398545342,93,7,medium,0,0.4814913403262807,0,0,1,1
high,4,0.6525192007526632,134,29,low,1,0.25243629054958727,0,3,0,2
medium,0,0.7648035526072343,58,18,medium,1,0.9016418535664384,0,2,1,2
medium,4,0.9823666831045325,70,57,low,1,0.1377935359278052,0,2,0,2
low,4,0.5528982540644615,60,25,high,0,0.8457969578021425,1,1,2,2
none,3,0.542364402302205,104,9,medium,0,0.16031202498225805,0,0,1,1
low,0,0.5842278600612182,170,31,medium,1,0.29603286291002573,1,1,1,2
low,1,0.4048549644265338,22,45,medium,0,0.2068135275140317,1,1,1,1
low,3,0.1206553374436864,188,13,high,1,0.1003956456498093,0,1,2,2
none,1,0.846478536067957,123,10,low,1,0.4498592999441262,0,0,0,1
none,0,0.7102452013359866,49,8,high,1,0.8745751398555718,1,0,2,1
medium,1,0.5308503942878144,143,14,high,0,0.16125406285192412,0,2,2,2
low,0,0.8879888286055799,188,0,high,1,0.517661521287729,0,1,2,2
high,2,0.529745666182498,78,32,low,1,0.13175483289206746,0,3,0,2
low,1,0.9522497158456833,25,5,low,0,0.953205524905189,0,1,0,1
medium,0,0.5544165520399336,191,12,high,0,0.030054578761178785,0,2,2,2
critical,1,0.9168484076291957,23,0,high,0,0.6081292119145916,0,4,2,2
low,2,0.4004512452452783,105,31,medium,1,0.9886038985195765,0,1,1,1
high,0,0.7416146327315153,163,22,medium,0,0.15287712212633597,1,3,1,2
medium,4,0.34138706738172764,111,3,medium,1,0.7944570304958843,0,2,1,2
medium,3,0.7508385847448596,124,38,medium,1,0.2119546110805426,0,2,1,2
critical,4,0.4379896029203726,57,38,medium,1,0.993368498411178,0,4,1,2
medium,1,0.06206310654015523,56,23,low,0,0.12903005718204175,0,2,0,1
low,0,0.6322828130302102,99,23,low,0,0.31915649460807005,1,1,0,1
medium,2,0.4610994301549076,145,18,high,1,0.5996953567159904,0,2,2,2
medium,2,0.9500610946244371,105,20,medium,1,0.6780940608798283,0,2,1,2
high,4,0.04025373993992376,169,59,medium,0,0.8924876896873263,1,3,1,2
medium,3,0.9918077164976282,90,31,medium,1,0.30248028113792813,1,2,1,2
high,1,0.3663354885565363,189,44,low,1,0.4031402041190819,1,3,0,2
low,2,0.7197825350215462,117,30,medium,1,0.41930098792781023,1,1,1,2
medium,0,0.3423624333000541,129,41,medium,0,0.4400501082335524,0,2,1,2
medium,0,0.09172367905900669,64,40,low,0,0.6629097142100953,1,2,0,2
low,1,0.3265468426717799,3,48,low,0,0.7781514225440124,1,1,0,1
low,4,0.24668037722614733,182,40,low,0,0.2751525256017133,0,1,0,1
medium,3,0.2835207665992292,27,16,high,1,0.9103269101852525,1,2,2,2
high,1,0.5420790349507192,109,42,medium,1,0.6100604828871738,1,3,1,2
medium,3,0.6254781569139363,51,3,low,0,0.9761283906917078,1,2,0,2
high,1,0.6854277207610142,108,1,low,1,0.8751076133225116,0,3,0,2
medium,4,0.44394288639597634,122,10,medium,1,0.8539843761472291,0,2,1,2
low,1,0.5445484020413396,140,29,medium,0,0.3341112669587556,1,1,1,2
none,4,0.9126718352555361,48,57,low,1,0.843322885761979,1,0,0,1
high,4,0.7449915257796885,199,45,medium,0,0.4806076309423065,1,3,1,2
medium,3,0.24022627614900316,91,36,high,1,0.28932013610233454,0,2,2,2
low,1,0.5859613740960548,72,24,medium,0,0.8160560167528311,0,1,1,1
medium,1,0.16769951967778096,172,21,low,0,0.3361299685293737,0,2,0,2
medium,3,0.8391738662343244,46,8,high,1,0.11570416730942945,1,2,2,2
critical,0,0.9986095150119159,78,17,medium,0,0.15396358257762643,0,4,1,2
medium,2,0.6196685259698614,175,55,medium,0,0.06964063659139463,1,2,1,2
low,4,0.7907379738959939,27,14,medium,0,0.8848490595063606,0,1,1,1
high,3,0.11184480238067718,142,49,medium,1,0.4234953946796538,0,3,1,2
medium,2,0.5007661490802783,110,17,low,1,0.6526867348692552,0,2,0,2
high,4,0.9994219092241878,6,30,medium,0,0.7278432989687184,0,3,1,2
low,0,0.3183263876290203,195,17,medium,0,0.4247769248154559,0,1,1,2
medium,0,0.6722644312234448,152,21,medium,0,0.8321200752819861,1,2,1,2
low,4,0.41666599803988014,164,23,low,0,0.7488207796670548,1,1,0,2
none,4,0.49125744639136615,44,53,medium,0,0.8790687796589601,0,0,1,1
low,4,0.1535255220546139,19,18,medium,1,0.06751848018741502,1,1,1,1
high,0,0.0005187441657055203,17,26,low,1,0.034838350279915664,1,3,0,1
low,1,0.8231273174161865,130,20,high,0,0.14686373482140425,0,1,2,2
low,4,0.8231246099500947,110,32,high,0,0.09275607742449477,1,1,2,2
critical,2,0.7377975561063729,78,35,high,0,0.7523289144335528,0,4,2,2
high,2,0.7502659879482331,142,27,medium,0,0.21918921647863232,0,3,1,2
none,3,0.751490810571396,41,57,low,0,0.08598235011094513,0,0,0,1
low,0,0.17534651145392188,8,49,medium,0,0.9903884573604824,0,1,1,1
low,4,0.6535398256936433,27,10,high,0,0.39291817669707396,0,1,2,2
high,4,0.9755956458283996,191,52,high,0,0.22079792120893404,0,3,2,2
low,2,0.2890835816381917,131,15,medium,1,0.5664206508096447,1,1,1,2
none,2,0.8285469248387858,74,42,medium,0,0.049459137146015686,0,0,1,1
medium,4,0.4861920756222755,120,37,low,0,0.41865608731480164,0,2,0,2
critical,3,0.82661148465793,69,33,low,0,0.270696761495107,0,4,0,2
low,0,0.314749618564381,104,27,medium,1,0.6766523825096377,1,1,1,2
medium,0,0.0010674650227472382,1,12,high,1,0.6462907632285592,1,2,2,2
medium,3,0.8902639618236188,34,5,medium,0,0.47609175667866066,1,2,1,2
medium,4,0.05948669218334002,68,12,high,0,0.1954865095820041,1,2,2,2
high,1,0.2140922893367202,135,53,low,0,0.20698515964083974,0,3,0,2
medium,2,0.17613829917307988,15,8,low,1,0.32039720359730783,1,2,0,1
low,1,0.055270409501227635,72,31,medium,0,0.26480717732157966,1,1,1,1
high,3,0.20539029767240669,160,53,medium,0,0.0998310571767902,1,3,1,2
none,3,0.11532643811098797,21,27,medium,1,0.12196896420962289,0,0,1,0
medium,4,0.7542715149378925,20,49,medium,1,0.9966772115191534,1,2,1,2
medium,2,0.40126496418611335,8,3,high,0,0.948645498712641,0,2,2,2
low,2,0.8061909654447252,184,10,medium,1,0.4986395468763152,1,1,1,2
high,2,0.9708847285457378,98,57,low,0,0.39752502455499295,1,3,0,2
medium,2,0.12805261054778694,130,19,medium,0,0.1032834791070496,0,2,1,2
low,3,0.589331166127476,173,34,medium,0,0.4086693773667128,0,1,1,2
low,2,0.6331491821447094,75,55,low,1,0.3914919795306634,1,1,0,1
high,3,0.45104650018525505,65,58,high,1,0.46181791144974826,0,3,2,2
high,3,0.5543990233797637,73,19,high,1,0.3785927875597309,0,3,2,2
medium,2,0.16606263241397312,18,30,low,1,0.38909671152208003,1,2,0,1
medium,1,0.5626724105748573,151,45,medium,1,0.8267898819237445,0,2,1,2
high,4,0.5973945290738407,185,6,medium,1,0.05257599032305538,1,3,1,2
low,4,0.3924847342649438,20,55,high,1,0.0046187988433276095,1,1,2,2
medium,3,0.680418805669922,7,54,medium,1,0.026532437206074344,0,2,1,2
high,3,0.8521453370691817,47,29,high,0,0.0054731088346274825,0,3,2,2
low,2,0.33071606674610543,157,52,low,1,0.37306058755805305,1,1,0,2
medium,2,0.2703417881993275,134,9,medium,0,0.4965904788462816,1,2,1,2
low,1,0.9654159534817355,107,4,medium,1,0.8556421217024035,1,1,1,2
high,0,0.5942726943015799,192,52,high,1,0.10110616593558497,0,3,2,2
medium,1,0.48176355136217164,162,14,medium,1,0.9821442963178444,1,2,1,2
medium,3,0.4249793856661014,186,22,low,0,0.11839908317866876,0,2,0,2
medium,4,0.8377168581870411,158,4,medium,0,0.3037966184099441,1,2,1,2
low,4,0.023970355527955456,188,31,low,1,0.6901267695784598,0,1,0,1
low,2,0.6683307407951538,32,6,low,0,0.618714778169642,0,1,0,1
low,0,0.4617271971845094,192,31,medium,1,0.1396236541791207,0,1,1,2
medium,2,0.34414107806334804,37,11,low,0,0.9473197957296045,0,2,0,1
critical,2,0.808969602506749,82,58,low,0,0.651669467934994,0,4,0,2
medium,4,0.6342344339667283,174,21,medium,0,0.4310763576379383,0,2,1,2
high,0,0.5346007512892753,73,59,low,0,0.04039922884216318,1,3,0,2
low,1,0.3017648666969308,141,31,medium,1,0.045114745709278536,0,1,1,1
critical,4,0.8374757437877769,182,7,low,0,0.8347076643269359,0,4,0,2
high,4,0.5348981529758705,31,4,medium,1,0.5674481135493233,1,3,1,2
medium,1,0.4450160548539922,197,3,low,0,0.3106541850810828,1,2,0,2
medium,3,0.2860473018403953,37,11,medium,1,0.094286053488007,1,2,1,2
low,4,0.7078438944014478,108,49,medium,0,0.8421546555168719,1,1,1,2
medium,1,0.12693525679091977,188,55,medium,1,0.5456756940810478,0,2,1,2
high,2,0.8989215763205136,43,58,medium,0,0.4829383894717839,1,3,1,2
low,2,0.3863414572231818,91,16,low,0,0.3915068416844314,0,1,0,1
medium,0,0.07743608526043821,113,46,low,1,0.9306844885446205,0,2,0,1
medium,4,0.03517598218441975,122,18,medium,0,0.20581979301300757,0,2,1,2
medium,4,0.21870422615163487,76,30,medium,1,0.9771927299143573,1,2,1,2
high,0,0.04911764375004013,47,21,high,0,0.06332847870255809,0,3,2,2
medium,0,0.5685697147037354,72,54,high,0,0.6259895566990807,1,2,2,2
low,3,0.8005836206738501,40,51,low,1,0.8641368291927248,1,1,0,1
none,4,0.3479007757565923,22,5,high,0,0.4378415656758372,0,0,2,1
critical,3,0.37830982237341526,189,19,medium,1,0.540476692170755,0,4,1,2
medium,0,0.3207341189534516,37,39,low,0,0.43475974680904617,1,2,0,2
low,4,0.7219067795126763,45,54,low,0,0.9366696918651266,1,1,0,2
none,0,0.10731236283252044,117,29,low,1,0.5081929147782448,1,0,0,1
low,4,0.9948148928296083,87,5,medium,0,0.477946580739831,1,1,1,2
low,2,0.0668257547014629,146,35,low,0,0.6376089802290499,0,1,0,1
low,3,0.9813871012530017,10,1,medium,0,0.8967553715906984,0,1,1,1
medium,2,0.060330818574221734,160,49,high,1,0.7817570475739452,1,2,2,2
medium,4,0.6379367442466449,85,11,medium,1,0.6310654428718875,0,2,1,2
low,1,0.6625295943661998,155,40,low,1,0.3709123215416692,1,1,0,2
low,2,0.8121229611870592,85,22,high,1,0.736573093115733,0,1,2,2
medium,2,0.21549514181270046,119,44,low,0,0.19858366353130807,0,2,0,2
none,1,0.7472698001920698,125,13,medium,1,0.2725864974158917,1,0,1,1
critical,0,0.9560466595226291,160,9,high,0,0.29132945355846573,0,4,2,2
medium,1,0.882825566034078,105,43,high,1,0.7081575538426351,1,2,2,2
medium,0,0.35768263152597424,157,28,low,1,0.2734297021266725,0,2,0,2
medium,1,0.12727619832903925,61,42,high,1,0.7050281965241929,0,2,2,2
high,0,0.48112310176314976,48,46,medium,1,0.8150730962187541,1,3,1,2
medium,1,0.8205570826398607,89,16,high,0,0.36081056141751533,0,2,2,2
medium,0,0.4674845394285718,68,23,low,1,0.7517807092307816,0,2,0,1
low,0,0.2728043301458357,62,21,low,0,0.4388217018019487,1,1,0,1
low,1,0.3692728413409686,180,14,high,1,0.9300033473547173,1,1,2,2
medium,1,0.6429984233408326,99,1,medium,1,0.9988296373336586,0,2,1,2
low,3,0.8897794665398687,166,54,low,1,0.4609313910731102,1,1,0,2
low,3,0.015805555440133845,16,34,medium,0,0.49431453353461774,0,1,1,1
low,2,0.5681673512913645,152,33,low,1,0.10865710326226241,1,1,0,2
high,3,0.7930049789596304,45,4,medium,1,0.9948242136208678,1,3,1,2
high,4,0.889899007072331,32,18,medium,0,0.26808510482055103,0,3,1,2
high,4,0.9388053542070384,121,25,low,0,0.5570017818814502,1,3,0,2
high,1,0.1697999737727075,44,11,medium,1,0.9492935230092574,0,3,1,2
high,3,0.8341208920021081,80,0,low,1,0.1919211614110854,1,3,0,2
critical,0,0.8119882015105448,195,15,low,1,0.14005540468949063,1,4,0,2
medium,1,0.8144738760309339,135,25,medium,0,0.27620736345656605,0,2,1,2
high,4,0.2645976053461583,1,25,medium,1,0.25303474992968356,0,3,1,2
low,3,0.7718493432291552,155,34,medium,0,0.8351257910807337,1,1,1,2
medium,1,0.004305775667678646,114,34,medium,0,0.038644309826884604,1,2,1,2
high,1,0.5189146424870842,41,43,medium,1,0.08904200507505322,0,3,1,2
low,1,0.7470758006298863,31,22,medium,0,0.19549582739658733,0,1,1,1
medium,2,0.47941707480589113,82,44,medium,1,0.6422524185679935,1,2,1,2
medium,3,0.982987171535907,32,24,high,1,0.9233469677258123,0,2,2,2
medium,0,0.7298152463028666,49,5,medium,1,0.09778799744544309,0,2,1,2
low,2,0.20056247132155403,34,11,medium,0,0.28942970750806496,0,1,1,1
low,0,0.9076048913904824,159,32,medium,1,0.26603087262166525,1,1,1,2
low,1,0.2547283501174674,55,8,medium,0,0.40204779815706937,1,1,1,1
high,4,0.8466710505082435,44,37,medium,0,0.03511681110966658,0,3,1,2
critical,0,0.63925034035617,86,46,medium,0,0.9173955892661422,0,4,1,2
high,3,0.8483807540610809,170,4,low,0,0.050535988650057706,1,3,0,2
high,4,0.3058002287385674,19,37,low,1,0.12829325851112017,1,3,0,2
low,0,0.9385114589610658,156,6,medium,1,0.4412227484805581,0,1,1,2
medium,4,0.527457630072559,196,44,medium,0,0.749352861699006,1,2,1,2
low,3,0.11784390090583108,57,59,low,0,0.5028749369803532,1,1,0,1
critical,2,0.5826443493145376,171,23,medium,1,0.9131537503472078,1,4,1,2
medium,3,0.736523217701888,49,17,medium,1,0.523090499279315,1,2,1,2
medium,0,0.7952322585827095,90,57,low,0,0.917859996625734,1,2,0,2
medium,0,0.3520506742392382,196,21,high,1,0.47393273763807797,0,2,2,2
critical,4,0.09380782400772492,119,24,low,1,0.28405131052651544,1,4,0,2
low,2,0.3827831627802557,157,36,medium,1,0.8835298364237075,1,1,1,2
medium,1,0.7701931135378551,41,20,medium,0,0.658480768393292,1,2,1,2
low,4,0.02445084088201488,165,27,low,0,0.7119178105885787,0,1,0,1
low,2,0.4956050782011431,94,3,high,0,0.8651002319106483,0,1,2,2
high,3,0.3964362353648121,6,24,low,1,0.05088073454501463,0,3,0,1
high,3,0.25761261618203646,104,51,medium,0,0.8857051708583629,1,3,1,2
high,1,0.5312927548186049,43,24,medium,1,0.24569974299498099,1,3,1,2
medium,1,0.027182133497585026,68,57,medium,0,0.6355603540101848,1,2,1,2
medium,1,0.5316129186954394,148,6,medium,0,0.44953224112352086,0,2,1,2
high,3,0.2015349753923832,3,53,medium,1,0.34956361145203385,1,3,1,2
critical,4,0.14102729995001462,115,15,high,1,0.9028926876302835,1,4,2,2
low,4,0.3321630477034516,165,10,low,0,0.09000139104508986,0,1,0,1
low,0,0.07130453418484539,24,3,medium,1,0.07405768336907359,0,1,1,0
low,0,0.8272545955907364,146,34,medium,0,0.630912007772655,1,1,1,2
medium,2,0.6384675277647406,176,26,medium,1,0.7127496937612997,0,2,1,2
medium,2,0.3460638229047347,33,28,low,0,0.7965717298026914,0,2,0,1
low,3,0.15353154633704746,52,45,medium,0,0.8420701517722398,1,1,1,1
medium,1,0.6860498695059002,129,51,medium,1,0.7650244051780429,0,2,1,2
low,1,0.21662236418404268,61,27,low,1,0.9097966227332338,0,1,0,1
none,1,0.568833805384319,49,17,medium,0,0.6218620306543405,1,0,1,1
medium,2,0.6235463696427459,122,55,low,0,0.6935404695867196,1,2,0,2
low,3,0.6825881222168831,121,4,medium,1,0.4090351320457297,0,1,1,1
low,2,0.2223679278968107,17,19,low,0,0.7429063098580823,1,1,0,1
high,1,0.8297499101249115,92,32,medium,0,0.4725559833368571,1,3,1,2
medium,2,0.6197193893796402,99,43,high,1,0.49181258141290995,1,2,2,2
medium,2,0.6019969635275295,199,44,low,0,0.5156874385219721,0,2,0,2
low,3,0.9216849842375704,96,20,low,0,0.468320534694331,1,1,0,2
low,4,0.45057646360088155,117,10,low,0,0.09518753833697413,0,1,0,1
none,2,0.43194566100048193,0,21,medium,1,0.7334664427998359,1,0,1,1
medium,0,0.5699829035940329,195,9,medium,0,0.16736499964417928,1,2,1,2
high,2,0.32623836216405677,125,23,low,1,0.41225859646407514,0,3,0,2
high,3,0.23067912532785784,49,54,low,1,0.7560931477128529,1,3,0,2
high,2,0.9988286109548049,169,48,medium,0,0.28689241356345485,0,3,1,2
high,1,0.26287133215978264,127,34,medium,1,0.9902780870927544,1,3,1,2
high,0,0.6390272102646738,105,43,medium,1,0.9329334584535052,0,3,1,2
medium,1,0.5285417289424529,133,49,high,0,0.4398090424804667,0,2,2,2
high,1,0.985046696720871,197,55,medium,1,0.7984483448280576,1,3,1,2
low,1,0.32085007406718746,127,32,medium,0,0.505502819357067,1,1,1,2
low,2,0.4083230226329888,127,40,high,1,0.33354992647835535,0,1,2,2
critical,1,0.127225961891828,86,11,low,1,0.44628233858044153,1,4,0,2
low,0,0.7593411000223874,45,59,high,1,0.021156011423293486,1,1,2,2
medium,1,0.17700141112134105,51,39,medium,1,0.06494677920994363,0,2,1,1
low,0,0.5817272979587149,10,48,low,0,0.8487921131360887,0,1,0,1
medium,0,0.6065663351954298,45,26,medium,1,0.07179714236004586,0,2,1,2
medium,2,0.8930524847532526,160,7,high,0,0.17860417569711773,1,2,2,2
medium,4,0.5494936128000582,136,9,high,1,0.6599862442371142,0,2,2,2
critical,0,0.5994268085799352,144,57,medium,1,0.49406360366177704,1,4,1,2
critical,1,0.4772329099757965,154,21,medium,1,0.04596324934014007,0,4,1,2
critical,0,0.7114093477097423,70,21,low,0,0.4391785132059347,1,4,0,2
low,3,0.6104041091743072,126,46,medium,1,0.7117058209193878,1,1,1,2
critical,0,0.47502244400436067,20,37,high,1,0.2455660388094516,0,4,2,2
high,0,0.2235903208760469,115,27,medium,0,0.17666698132716163,0,3,1,2
high,0,0.9256866687367246,164,26,high,0,0.9295729155672217,1,3,2,2
low,0,0.9249624727069454,103,57,medium,1,0.7630192967767481,0,1,1,2
high,3,0.9059022188177783,194,13,medium,1,0.5503235056976393,1,3,1,2
low,0,0.8497891978050361,12,36,high,1,0.4172536098586862,1,1,2,2
medium,3,0.15357977908611453,114,39,medium,1,0.07501730735154233,1,2,1,2
medium,3,0.848978422624854,104,28,medium,1,0.31221427292207826,1,2,1,2
medium,4,0.7331244745595453,193,1,medium,0,0.17480738623300507,0,2,1,2
medium,1,0.46392228611005004,118,56,medium,1,0.21524374817914982,1,2,1,2
high,4,0.3782005230096811,171,11,medium,1,0.24169959798113094,1,3,1,2
low,3,0.9266704880812819,24,15,medium,0,0.9873126199571438,1,1,1,2
low,2,0.0884022907006744,30,40,low,1,0.3397359477490304,0,1,0,0
medium,0,0.47530561788360415,150,45,medium,0,0.33504687750513473,0,2,1,2
low,0,0.5200719122614881,169,19,high,1,0.4463894921437095,1,1,2,2
high,4,0.6507945897177367,37,6,high,0,0.4892651908307978,1,3,2,2
low,1,0.15269013384142072,28,11,medium,1,0.04737250672948978,1,1,1,1
high,1,0.1397875904698681,41,26,high,1,0.5218764346888559,0,3,2,2
high,1,0.032043589378177195,55,41,high,1,0.37371800288235135,0,3,2,2
medium,3,0.10866697080426846,82,0,medium,0,0.4565473229940522,0,2,1,1
low,1,0.8103025552734664,78,0,medium,0,0.5304411796030789,0,1,1,1
high,2,0.021831391645811604,126,30,medium,1,0.4212801276832546,0,3,1,2
low,3,0.7828205656486452,20,50,low,1,0.022268820629600006,1,1,0,1
medium,3,0.7638440672883581,180,17,low,1,0.6323550507663013,1,2,0,2
medium,1,0.9810048113537728,185,44,low,0,0.4449377610270062,1,2,0,2
medium,2,0.14674323320765248,158,20,high,0,0.016230456342471444,1,2,2,2
high,0,0.8426546217181962,90,30,medium,0,0.47979850275515334,0,3,1,2
high,4,0.4748768364757039,3,7,low,0,0.9454165724399485,0,3,0,2
low,4,0.5040639065645509,53,2,medium,0,0.42365512055060506,0,1,1,1
high,4,0.5024129936309384,197,58,medium,1,0.5045452397039372,0,3,1,2
low,3,0.4482523545537438,171,7,high,0,0.8554753634178817,1,1,2,2
low,1,0.5307232910602341,182,58,medium,0,0.3014006367201857,0,1,1,2
medium,0,0.39183770991005273,6,33,high,0,0.6800349354078914,0,2,2,2
low,0,0.6748127524058697,74,15,low,1,0.3488606520463975,0,1,0,1
medium,1,0.46650926313834307,143,39,medium,0,0.8526227190394499,0,2,1,2
medium,2,0.2138308212779978,8,54,low,0,0.03897937753732039,0,2,0,1
low,2,0.1239380544408778,98,57,medium,0,0.747110872687411,0,1,1,2
high,0,0.8069442243540357,181,56,medium,0,0.7103591920228293,1,3,1,2
medium,2,0.9928079572704449,142,29,medium,0,0.16285655124270249,0,2,1,2
low,2,0.5332498098317082,156,10,high,0,0.01412473347682397,1,1,2,2
medium,0,0.26457427782126164,185,15,medium,0,0.10824944147485704,1,2,1,2
high,1,0.2739061686060452,164,1,medium,0,0.19294173649348212,0,3,1,2
high,4,0.3851677373559692,75,58,low,0,0.327923883530704,0,3,0,2
low,0,0.02520494712616217,45,12,low,0,0.9908097655511221,1,1,0,1
low,1,0.5042193555377686,185,47,low,1,0.31458156903584256,0,1,0,2
medium,3,0.7647566879326486,146,50,low,0,0.43434924822529575,1,2,0,2
low,0,0.8063987287958786,153,45,high,0,0.92924224400615,0,1,2,2
medium,0,0.9942691791632828,89,46,medium,0,0.6562296481050006,0,2,1,2
low,0,0.7701869494441829,6,44,low,1,0.6024102530914477,1,1,0,1
medium,4,0.0978832802148597,150,16,medium,1,0.04245795282809828,0,2,1,2
